NACIONAL,DESCRICAO
170,Abissinia
171,Acores
172,Afar frances
241,Afeganistao
093,Albania
030,Alemanha
174,Alto volta
094,Andorra
175,Angola
334,Antartica francesa
337,Antartico argentino
333,"Antartico britanico, territorio"
336,Antartico chileno
338,Antartico noruegues
028,Antigua e. dep. barbuda
029,Antilhas holandesas
339,Apatrida
242,Arabia saudita
176,Argelia
021,Argentina
347,Armenia
289,Arquipelago de bismark
285,Arquipelago manahiki
286,Arquipelago midway
033,Aruba
198,"Ascensao e tristao da cunha,is"
287,Ashmore e cartier
288,Australia
095,Austria
138,Azerbaijao
243,Bahrein
342,Bangladesh
044,Barbados
139,Bashkista
177,Bechuanalandia
031,Belgica
046,Belize
178,Benin
083,Bermudas
246,Bhutan
244,Birmania
022,Bolivia
134,Bosnia herzegovina
179,Botsuana
010,Brasil
245,Brunei
096,Bulgaria
238,Burkina fasso
180,Burundi
141,Buryat
343,Cabo verde
181,Camaroes
034,Canada
142,Carelia
247,Catar
143,Cazaquistao
248,Ceilao
182,Ceuta e melilla
183,Chade
144,Chechen ingusth
023,Chile
042,China
249,China (taiwan)
097,Chipre
145,Chuvash
275,Cingapura
026,Colombia
040,Comunidade das bahamas
054,Comunidade dominicana
185,Congo
043,Coreia
186,Costa do marfim
051,Costa rica
250,Coveite
130,Croacia
052,Cuba
053,Curacao
146,Dagesta
187,Daome
340,Dependencia de ross
098,Dinamarca
188,Djibuti
099,Eire
251,Emirados arabes unidos
027,Equador
100,Escocia
136,Eslovaquia
132,Eslovenia
035,Espanha
129,Estado da cidade do vaticano
057,Estados assoc. das antilhas
036,Estados unidos da america (eua)
147,Estonia
190,Etiopia
252,Filipinas
102,Finlandia
037,Franca
192,Gambia
193,Gana
194,Gaza
148,Georgia
103,Gibraltar
149,Gorno altai
032,Gra-bretanha
059,Granada
104,Grecia
084,Groenlandia
292,Guam
061,Guatemala
087,Guiana francesa
195,Guine
344,Guine bissau
196,Guine equatorial
105,Holanda
064,Honduras
063,Honduras britanicas
253,Hong-kong
106,Hungria
254,Iemen
345,Iemen do sul
197,Ifni
300,Ilha johnston e sand
069,Ilha milhos
293,Ilhas baker
107,Ilhas baleares
199,Ilhas canarias
294,Ilhas cantao e enderburg
295,Ilhas carolinas
297,Ilhas christmas
184,Ilhas comores
290,Ilhas cook
108,Ilhas cosmoledo (lomores)
117,Ilhas de man
109,Ilhas do canal
296,Ilhas do pacifico
058,Ilhas falklands
101,Ilhas faroes
298,Ilhas gilbert
060,Ilhas guadalupe
299,Ilhas howland e jarvis
301,Ilhas kingman reef
313,Ilhas linha
305,Ilhas macdonal e heard
302,Ilhas macquaire
067,Ilhas malvinas
303,Ilhas marianas
304,Ilhas marshall
306,Ilhas niue
307,Ilhas norfolk
315,Ilhas nova caledonia
318,Ilhas novas hebridas
308,Ilhas palau
320,Ilhas pascoa
321,Ilhas pitcairin
309,Ilhas salomao
326,Ilhas santa cruz
065,Ilhas serranas
310,Ilhas tokelau
080,Ilhas turca
047,Ilhas turks e caicos
082,Ilhas virgens americanas
081,Ilhas virgens britanicas
311,Ilhas wake
332,Ilhas wallis e futuna
255,India
256,Indonesia
110,Inglaterra
257,Ira
258,Iraque
112,Irlanda
111,Irlanda do norte
113,Islandia
259,Israel
039,Italia
114,Iugoslavia
066,Jamaica
041,Japao
260,Jordania
150,Kabardino balkar
312,Kalimatan
151,Kalmir
346,Kara kalpak
152,Karachaevocherkess
153,Khakass
261,Kmer/camboja
154,Komi
262,Kuwait
263,Laos
200,Lesoto
155,Letonia
264,Libano
201,Liberia
202,Libia
115,Liechtenstein
156,Lituania
116,Luxemburgo
265,Macau
205,Madagascar
203,Madeira
266,Malasia
204,Malawi
267,"Maldivas,is"
206,Mali
157,Mari
207,Marrocos
068,Martinica
268,Mascate
208,Mauricio
209,Mauritania
085,Mexico
284,Mianma
210,Mocambique
158,Moldavia
118,Monaco
269,Mongolia
070,Monte serrat
137,Montenegro
240,Namibia
314,Nauru
270,Nepal
211,Nguane
071,Nicaragua
213,Nigeria
119,Noruega
316,Nova guine
317,Nova zelandia
271,Oman
159,Ossetia setentrional
121,Pais de gales
122,Paises baixos
272,Palestina
072,Panama
073,Panama(zona do canal)
214,Papua nova guine
273,Paquistao
024,Paraguai
089,Peru
322,Polinesia francesa
123,Polonia
074,Porto rico
045,Portugal
215,Pracas norte africanas
216,Protetor do sudoeste africano
217,Quenia
160,Quirguistao
075,Quitasueno
189,Republica arabe do egito
218,Republica centro africana
173,Republica da africa do sul
140,Republica da bielorrussia
133,Republica da macedonia
056,Republica de el salvador
291,Republica de fiji
120,Republica de malta
191,Republica do gabao
062,Republica do haiti
212,Republica do niger
055,Republica dominicana
088,Republica guiana
135,Republica tcheca
020,Reservado
048,Reservado
049,Reservado
050,Reservado
219,Reuniao
220,Rodesia (zimbabwe)
124,Romenia
076,Roncador
221,Ruanda
274,"Ruiquiu,is"
348,Russia
222,Saara espanhol
323,Sabah
324,Samoa americana
325,Samoa ocidental
125,San marino
223,Santa helena
077,Santa lucia
078,Sao cristovao
224,Sao tome e principe
079,Sao vicente
327,Sarawak
349,Senegal
276,Sequin
226,Serra leoa
131,Servia
225,Seychelles
277,Siria
227,"Somalia, republica"
278,Sri-lanka
086,St. pierre et miquelon
228,Suazilandia
229,Sudao
126,Suecia
038,Suica
090,Suriname
127,"Svalbard e jan mayer,is"
161,Tadjiquistao
279,Tailandia
230,Tanganica
350,Tanzania
162,Tartaria
128,Tchecoslovaquia
335,Terr. antartico da australia
341,Terras austrais
231,Territ. britanico do oceano indico
328,Territorio de cocos
319,Territorio de papua
329,Timor
233,Togo
330,Tonga
232,Transkei
280,"Tregua, estado"
091,Trinidad e tobago
234,Tunisia
163,Turcomenistao
281,Turquia
331,Tuvalu
164,Tuvin
165,Ucrania
166,Udmurt
235,Uganda
167,Uniao sovietica
025,Uruguai
168,Uzbequistao
092,Venezuela
282,Vietna do norte
283,Vietna do sul
169,Yakut
236,Zaire
237,Zambia
239,Zimbabwe
